,refname,total,response_var,response_var_2,trophic_invader,trophic_invader_2,habitat_type,study_type,study_type_2,citations,dataset,response_fxnlgrp,response_fxnlgrp_2,response_fxnlgrp_3,Physicochemical,Critters,Phys.and.Critters,fund_NSF,fund_FWS,fund_NOAA,fund_EPA,fund_USDA,fund_conserv,Journal,journal_category,pubyear,impactfactor,impactfactor_year,lastauth_country,carp,zebra_mussel,phragmites,spartina,bythotrephes,trout,last_author_region,same_first_author,last_author_english,species,FWS_NOAA,USDA_EPA_conserv
1,able2000,6054,Abundance,Abundance,Primary-producer,Primary-producer,Estuary,Observational,Observational,121,gallardo,Multiple,Benthic Invertebrates and Fish,Multiple Critters,0,1,0,0,0,1,0,0,0,Estuaries,Ecosystem,2000,1.031,2000,USA,0,0,1,0,0,0,North America,able,1,Phragmites,1,0
2,albertson2016,3723,Abundance,Abundance,Filter-collector,Filter-collector,River,Manipulative,Manipulative,0,new,Benthic Invertebrates,Benthic Invertebrates,Benthic Invertebrates,0,1,0,0,0,0,0,0,0,Freshwater Science,Ecosystem,2016,2.213,2015,USA,0,0,0,0,0,0,North America,albertson,1,Other,0,0
3,anderson2014,3509,Multiple,ADP,Omnivore,Omnivore,Lake,Observational,Observational,9,new,Benthic Invertebrates,Benthic Invertebrates,Benthic Invertebrates,1,1,1,1,1,0,0,0,0,Diversity and Distributions,Invasions,2014,3.46,2014,Argentina,0,0,0,0,0,0,Central and South America,anderson,0,Other,1,0
4,angeler2013,4664,Multiple,ADP,Primary-producer,Primary-producer,Lake,Observational,Observational,10,gallardo,Benthic Invertebrates,Benthic Invertebrates,Benthic Invertebrates,1,1,1,0,0,0,1,0,0,Harmful Algae,General,2013,3.339,2013,Sweden,0,0,0,0,0,0,Europe,angeler,0,Other,0,1
5,angeloni2006,2875,Multiple,ADP,Primary-producer,Primary-producer,Lake,Observational,Observational,119,gallardo,Multiple,Benthic Invertebrates and Macrophytes,Multiple Critters,1,1,1,1,0,0,0,0,0,FEMS Microbiology Letters,General,2006,2.068,2006,USA,0,0,1,0,0,0,North America,angeloni,1,Phragmites,0,0
6,arthur2010,4974,Diversity,Diversity,Omnivore,Omnivore,Lake,Multiple,Manipulative and Observational,56,gallardo,Fish,Fish,Fish,0,1,0,0,1,0,0,0,0,Aquaculture,General,2010,2.044,2010,UK,0,0,0,0,0,0,Europe,arthur,1,Other,1,0
7,atalah2010,3770,Multiple,AD,Filter-collector,Filter-collector,Lake,Observational,Observational,4,gallardo,Benthic Invertebrates,Benthic Invertebrates,Benthic Invertebrates,0,1,0,0,0,0,1,0,0,Hydrobiologia,General,2010,1.964,2010,Ireland,0,1,0,0,0,0,Europe,lejart,1,Zebra mussel,0,1
8,back2012,4402,Multiple,AD,Primary-producer,Primary-producer,Lake,Manipulative,Manipulative,3,gallardo,Benthic Invertebrates,Benthic Invertebrates,Benthic Invertebrates,0,1,0,0,0,1,0,0,0,Wetlands Ecology and Management,Conservation,2012,1.076,2012,USA,0,0,1,0,0,0,North America,back,1,Phragmites,1,0
9,bajer2009,4297,Abundance,Abundance,Omnivore,Omnivore,Lake,Observational,Observational,94,gallardo,Macrophytes,Macrophytes,Macrophytes,0,1,0,0,0,0,0,0,1,Hydrobiologia,General,2009,1.754,2009,USA,1,0,0,0,0,0,North America,bajer,1,Carp,0,1
10,bajer2015,3555,Abundance,Abundance,Omnivore,Omnivore,Lake,Manipulative,Manipulative,14,new,Macrophytes,Macrophytes,Macrophytes,0,1,0,0,0,0,0,0,1,Global Change Biology,General,2014,7.5,2014,USA,1,0,0,0,0,0,North America,bajer,1,Carp,0,1
11,baldridge2014,4449,Diversity,Diversity,Filter-collector,Filter-collector,Lake,Observational,Observational,1,new,Macrophytes,Macrophytes,Macrophytes,0,1,0,1,0,0,0,0,1,Freshwater Science,Ecosystem,2014,1.762,2014,USA,0,0,0,0,0,0,North America,baldridge,1,Other,0,1
12,baranowska2013,5103,Abundance,Abundance,Filter-collector,Filter-collector,Lake,Observational,Observational,4,gallardo,Phytoplankton,Phytoplankton,Phytoplankton,0,1,0,1,0,0,0,0,0,Inland Waters,Ecosystem,2013,1.432,2013,Canada,0,1,0,0,0,0,North America,baranowska,1,Zebra mussel,0,0
13,barbiero2008,5153,Diversity,Diversity,Predator,Predator,Lake,Observational,Observational,8,gallardo,Phytoplankton,Phytoplankton,Phytoplankton,0,1,0,0,0,0,1,0,0,Journal of Great Lakes Research,Ecosystem,2008,1.393,2008,USA,0,0,0,0,1,0,North America,barbiero,1,Bythotrephes,0,1
14,bassett2012,4716,Abundance,Abundance,Primary-producer,Primary-producer,Lake,Observational,Observational,5,gallardo,Benthic Invertebrates,Benthic Invertebrates,Benthic Invertebrates,0,1,0,0,0,0,0,1,1,Acta Oecologica,General,2012,1.621,2012,New Zealand,0,0,0,0,0,0,Australia and New Zealand,bassett,1,Other,0,1
15,bauer2007,5022,Abundance,Abundance,Filter-collector,Filter-collector,Lake,Observational,Observational,19,gallardo,Fish,Fish,Fish,0,1,0,1,0,1,0,0,0,Biological Invasions,Invasions,2007,2.125,2007,USA,0,1,0,0,0,0,North America,bauer,1,Zebra mussel,1,0
16,baxter2004,3757,Abundance,Abundance,Predator,Predator,River,Manipulative,Manipulative,337,gallardo,Multiple,Benthic Invertebrates and Phytoplankton,Multiple Critters,0,1,0,1,0,0,0,0,0,Ecology,General,2004,4.104,2004,USA,0,0,0,0,0,1,North America,baxter,1,Trout,0,0
17,bazterrica2011,4722,Abundance,Abundance,Filter-collector,Filter-collector,Estuary,Observational,Observational,10,gallardo,Macrophytes,Macrophytes,Macrophytes,0,1,0,1,0,0,0,0,0,Biological Invasions,Invasions,2011,2.896,2011,Argentina,0,0,0,0,0,0,Central and South America,bazterrica,0,Other,0,0
18,beekey2004,4073,Multiple,AD,Filter-collector,Filter-collector,Lake,Mesocosm,Mesocosm,54,gallardo,Benthic Invertebrates,Benthic Invertebrates,Benthic Invertebrates,0,1,0,0,0,1,0,0,0,Freshwater Biology,Ecosystem,2004,2.205,2004,USA,0,1,0,0,0,0,North America,beekey,1,Zebra mussel,1,0
19,beisner2003,5650,Abundance,Abundance,Predator,Predator,Lake,Observational,Observational,74,gallardo,Zooplankton,Zooplankton,Zooplankton,0,1,0,1,1,0,0,0,0,Journal of Animal Ecology,General,2003,2.843,2003,USA,0,0,0,0,0,0,North America,beisner,1,Other,1,0
20,bially2000,5564,Multiple,AD,Filter-collector,Filter-collector,Lake,Observational,Observational,112,gallardo,Benthic Invertebrates,Benthic Invertebrates,Benthic Invertebrates,0,1,0,1,0,0,0,0,1,Freshwater Biology,Ecosystem,2000,1.571,2000,Canada,0,1,0,0,0,0,North America,bially,1,Zebra mussel,0,1
21,bishop2012,4798,Multiple,AD,Primary-producer,Primary-producer,Estuary,Manipulative,Manipulative,13,gallardo,Multiple,Benthic Invertebrates and Phytoplankton,Multiple Critters,0,1,0,1,0,0,0,0,0,Biological Invasions,Invasions,2012,2.509,2012,Australia,0,0,0,0,0,0,Australia and New Zealand,bishop,1,Other,0,0
22,bobeldyk2008,4291,Abundance,Abundance,Omnivore,Omnivore,River,Observational,Observational,15,gallardo,Multiple,Benthic Invertebrates and Phytoplankton,Multiple Critters,0,1,0,1,0,0,0,0,1,Journal of Great Lakes Research,Ecosystem,2008,1.393,2008,USA,0,0,0,0,0,0,North America,bobeldyk,1,Other,0,1
23,bogacka-kapusta2013,2583,Abundance,Abundance,Primary-producer,Primary-producer,Lake,Observational,Observational,2,gallardo,Zooplankton,Zooplankton,Zooplankton,0,1,0,0,1,0,0,0,0,Acta Zoologica Bulgarica,General,2013,0.357,2013,Poland,0,0,0,0,0,0,Europe,bogacka-kapusta,0,Other,1,0
24,botts ps1996,2249,Abundance,Abundance,Filter-collector,Filter-collector,Lake,Observational,Observational,173,gallardo,Benthic Invertebrates,Benthic Invertebrates,Benthic Invertebrates,0,1,0,1,0,0,0,0,0,North American Benthological Society,Ecosystem,1996,1.211,1997,USA,0,1,0,0,0,0,North America,botts,1,Zebra mussel,0,0
25,bourdeau2011,5867,Abundance,Abundance,Predator,Predator,Lake,Observational,Observational,23,gallardo,Zooplankton,Zooplankton,Zooplankton,0,1,0,1,1,1,0,0,0,Biological Invasions,Invasions,2011,2.896,2011,USA,0,0,0,0,1,0,North America,bourdeau,1,Bythotrephes,1,0
26,bowen2011,4306,Abundance,Abundance,Multiple,Predator and Filter-collector,Lake,Observational,Observational,18,gallardo,Zooplankton,Zooplankton,Zooplankton,0,1,0,0,0,0,0,0,1,Aquatic Ecosystem Health and Management,Conservation,2011,0.653,2011,Canada,0,1,0,0,0,0,North America,bowen,1,Zebra mussel,0,1
27,bruschetti2008,3538,Multiple,AP,Filter-collector,Filter-collector,Estuary,Mesocosm,Mesocosm,25,gallardo,Multiple,Phytoplankton,Phytoplankton,1,1,1,1,0,0,0,0,0,Journal of Experimental Marine Biology and Ecology,Ecosystem,2008,2.074,2008,Argentina,0,0,0,0,0,0,Central and South America,bruschetti,0,Other,0,0
28,bruschetti2011,5732,Multiple,AP,Filter-collector,Filter-collector,Estuary,Multiple,Mesocosm,4,gallardo,Multiple,Phytoplankton,Phytoplankton,1,1,1,1,0,0,0,0,0,Journal of Sea Research,Ecosystem,2011,2.598,2011,Argentina,0,0,0,0,0,0,Central and South America,bruschetti,0,Other,0,0
29,bunnell2008,4349,Multiple,AD,Predator,Predator,River,Observational,Observational,9,gallardo,Fish,Fish,Fish,0,1,0,0,0,0,1,0,1,Copeia,General,2008,1.1,2008,USA,0,0,0,0,0,0,North America,bunnell,1,Other,0,1
30,buria2007,3706,Abundance,Abundance,Predator,Predator,River,Observational,Observational,42,gallardo,Benthic Invertebrates,Benthic Invertebrates,Benthic Invertebrates,0,1,0,1,0,0,0,0,0,Fundamental and Applied Limnology,Ecosystem,2007,0.558,2008,Argentina,0,0,0,0,0,1,Central and South America,buria,0,Trout,0,0
31,byers2014,4444,Abundance,Abundance,Filter-collector,Filter-collector,Estuary,Mesocosm,Mesocosm,3,new,Phytoplankton,Phytoplankton,Phytoplankton,0,1,0,1,0,1,0,0,0,PLOS ONE ,General,2014,2.885,2014,USA,0,0,0,0,0,0,North America,byers,1,Other,1,0
32,caiola2005,2953,Abundance,Abundance,Omnivore,Omnivore,Estuary,Mesocosm,Mesocosm,87,gallardo,Fish,Fish,Fish,0,1,0,0,0,0,0,0,0,Journal of Applied Ichthyology,General,2005,0.563,2005,Spain,0,0,0,0,0,0,Europe,caiola,0,Other,0,0
33,camarillo2015,5607,Multiple,AD,Primary-producer,Primary-producer,River,Observational,Observational,1,new,Macrophytes,Macrophytes,Macrophytes,0,1,0,0,0,0,0,0,1,Forest Ecology and Management,Conservation,2015,2.826,2015,USA,0,0,0,0,0,0,North America,camarillo,1,Other,0,1
34,caraco1997,6750,Multiple,AP,Filter-collector,Filter-collector,River,Observational,Observational,369,gallardo,Multiple,Zooplankton,Zooplankton,1,1,1,1,0,0,0,0,1,Ecology,General,1997,3.139,1997,USA,0,1,0,0,0,0,North America,caraco,1,Zebra mussel,0,1
35,caraco2002,6783,Physicochemical,Physicochemical,Primary-producer,Primary-producer,River,Observational,Observational,159,gallardo,Multiple,Physicochemical Only,Physicochemical Only,1,0,0,1,0,1,0,0,1,Ecological Applications,Conservation,2002,3.025,2002,USA,0,0,0,0,0,0,North America,caraco,1,Other,1,1
36,cardona2006,2624,Multiple,AP,Omnivore,Omnivore,Lake,Manipulative,Manipulative,14,gallardo,Multiple,Macrophytes and Phytoplankton,Multiple Critters,1,1,1,0,0,0,0,0,0,Biological Invasions,Invasions,2006,2.531,2006,Spain,0,0,0,0,0,0,Europe,cardona,0,Other,0,0
37,carlsson2004,2365,Multiple,ADP,Omnivore,Omnivore,Lake,Multiple,Manipulative and Observational,226,gallardo,Multiple,Macrophytes and Phytoplankton,Multiple Critters,1,1,1,1,0,0,0,1,1,Ecology,General,2004,4.104,2004,Sweden,0,0,0,0,0,0,Europe,carlsson,0,Other,0,1
38,carvalho2016,4662,Multiple,ADP,Omnivore,Omnivore,River,Multiple,Manipulative and Mesocosm,2,new,Benthic Invertebrates,Benthic Invertebrates,Benthic Invertebrates,0,1,0,1,0,0,0,0,0,Science of the Total Environment,General,2016,3.976,2015,Portugal,0,0,0,0,0,0,Europe,carvalho,0,Other,0,0
39,chan2013,3491,Physicochemical,Physicochemical,Filter-collector,Filter-collector,Estuary,Manipulative,Manipulative,3,gallardo,Multiple,Physicochemical Only,Physicochemical Only,1,0,0,1,0,0,0,0,0,Journal of Experimental Marine Biology and Ecology,Ecosystem,2013,2.475,2013,Canada,0,0,0,0,0,0,North America,chan,1,Other,0,0
40,chen2007,3884,Physicochemical,Physicochemical,Primary-producer,Primary-producer,Estuary,Manipulative,Manipulative,41,gallardo,Multiple,Physicochemical Only,Physicochemical Only,1,0,0,1,0,0,0,0,0,Marine Ecology Progress Series,Ecosystem,2007,2.546,2012,China,0,0,0,1,0,0,Asia,chen_b,0,Spartina,0,0
41,chen2009,3526,Abundance,Abundance,Primary-producer,Primary-producer,Estuary,Observational,Observational,25,gallardo,Benthic Invertebrates,Benthic Invertebrates,Benthic Invertebrates,0,1,0,1,0,0,0,0,0,"Estuarine, Coastal and Shelf Science",Ecosystem,2009,1.97,2009,China,0,0,0,1,0,0,Asia,chen_a,0,Spartina,0,0
42,chen2015,5555,Physicochemical,Physicochemical,Primary-producer,Primary-producer,Estuary,Observational,Observational,7,new,Multiple,Physicochemical Only,Physicochemical Only,1,0,0,1,0,0,0,0,0,Science of the Total Environment,General,2015,3.976,2015,China,0,0,0,1,0,0,Asia,chen_c,0,Spartina,0,0
43,cheruvelil2002,4080,Multiple,ADP,Primary-producer,Primary-producer,Lake,Observational,Observational,122,gallardo,Multiple,Benthic Invertebrates and Phytoplankton,Multiple Critters,1,1,1,0,0,0,1,1,1,North American Benthological Society,Ecosystem,2002,2.077,2002,USA,0,0,0,0,0,0,North America,cheruvelil,1,Other,0,1
44,coetzee2014,3254,Abundance,Abundance,Primary-producer,Primary-producer,Lake,Observational,Observational,7,gallardo,Benthic Invertebrates,Benthic Invertebrates,Benthic Invertebrates,0,1,0,0,0,0,0,0,1,Biodiversity and Conservation,Conservation,2014,2.365,2014,South Africa,0,0,0,0,0,0,Africa,coetzee,0,Other,0,1
45,cook2014,4787,Multiple,AD,Primary-producer,Primary-producer,Lake,Observational,Observational,1,new,Macrophytes,Macrophytes,Macrophytes,0,1,0,0,0,1,0,0,0,Biological Invasions,Invasions,2014,2.586,2014,USA,0,0,0,0,0,0,North America,cook,1,Other,1,0
46,crawford2006,2914,Multiple,AD,Omnivore,Omnivore,River,Observational,Observational,60,gallardo,Benthic Invertebrates,Benthic Invertebrates,Benthic Invertebrates,0,1,0,0,0,0,0,0,0,Aquatic Conservation: Marine and Freshwater Ecosystems,Conservation,2006,1.213,2006,UK,0,0,0,0,0,0,Europe,crawford,1,Other,0,0
47,cushman2010,4335,Diversity,Diversity,Primary-producer,Primary-producer,River,Observational,Observational,42,gallardo,Macrophytes,Macrophytes,Macrophytes,0,1,0,0,1,0,0,0,0,Biological Invasions,Invasions,2010,3.474,2010,USA,0,0,0,0,0,0,North America,cushman,1,Other,1,0
48,cutajar2012,5899,Multiple,ADP,Primary-producer,Primary-producer,Estuary,Observational,Observational,9,gallardo,Multiple,Benthic Invertebrates and Macrophytes,Multiple Critters,1,1,1,0,0,0,0,0,0,Marine Ecology Progress Series,Ecosystem,2012,2.546,2012,Australia,0,0,0,1,0,0,Australia and New Zealand,cutajar,1,Spartina,0,0
49,destasio2014,4971,Abundance,Abundance,Filter-collector,Filter-collector,Lake,Observational,Observational,4,new,Multiple,Phytoplankton,Phytoplankton,1,1,1,0,0,1,0,0,0,Diversity and Distributions,Invasions,2014,0.84,2014,USA,0,1,0,0,0,0,North America,destasio,1,Zebra mussel,1,0
50,dommanget2014,5309,Physicochemical,Physicochemical,Primary-producer,Primary-producer,River,Manipulative,Manipulative,10,new,Nutrients-N,Physicochemical Only,Physicochemical Only,1,0,0,0,0,0,1,1,0,Journal of Environmental Management,Conservation,2014,2.723,2014,France,0,0,0,0,0,0,Europe,dommanget,0,Other,0,1
51,douglas2003,3267,Multiple,AD,Primary-producer,Primary-producer,River,Observational,Observational,51,gallardo,Benthic Invertebrates,Benthic Invertebrates,Benthic Invertebrates,0,1,0,0,0,0,0,0,1,Freshwater Biology,Ecosystem,2003,1.936,2003,Australia,0,0,0,0,0,0,Australia and New Zealand,douglas,1,Other,0,1
53,dzialowski2013,3677,Abundance,Abundance,Filter-collector,Filter-collector,Lake,Mesocosm,Mesocosm,2,gallardo,Zooplankton,Zooplankton,Zooplankton,0,1,0,0,1,0,0,0,0,Freshwater Science,Ecosystem,2013,1.423,2013,USA,0,1,0,0,0,0,North America,dzialowski,1,Zebra mussel,1,0
54,effler2004,8097,Multiple,AP,Filter-collector,Filter-collector,River,Observational,Observational,21,gallardo,Multiple,Phytoplankton,Phytoplankton,1,1,1,0,0,0,0,0,0,Journal of the American Water Resources Association,Conservation,2004,0.615,2004,USA,0,1,0,0,0,0,North America,effler,1,Zebra mussel,0,0
55,ercoli2015a,3626,Multiple,AD,Omnivore,Omnivore,Lake,Observational,Observational,5,new,Benthic Invertebrates,Benthic Invertebrates,Benthic Invertebrates,0,1,0,0,0,0,0,0,0,Freshwater Science,Ecosystem,2015,2.433,2015,Finland,0,0,0,0,0,0,Europe,ercoli,0,Other,0,0
56,ercoli2015b,3046,Multiple,AD,Omnivore,Omnivore,Lake,Observational,Observational,2,new,Benthic Invertebrates,Benthic Invertebrates,Benthic Invertebrates,0,1,0,0,0,0,0,0,0,Freshwater Biology,Ecosystem,2015,2.933,2015,Finland,0,0,0,0,0,0,Europe,ercoli,0,Other,0,0
57,eyre2011,6089,Physicochemical,Physicochemical,Primary-producer,Primary-producer,Estuary,Observational,Observational,20,gallardo,OM,Physicochemical Only,Physicochemical Only,1,0,0,1,0,0,0,0,0,Limnology and Oceanography,General,2011,3.416,2011,Australia,0,0,0,0,0,0,Australia and New Zealand,eyre,1,Other,0,0
58,farnsworth1999,4065,Diversity,Diversity,Primary-producer,Primary-producer,Lake,Observational,Observational,53,gallardo,Macrophytes,Macrophytes,Macrophytes,0,1,0,0,0,0,1,0,1,Biological Invasions,Invasions,1999,2.531,2006,USA,0,0,1,0,0,0,North America,farnsworth,1,Phragmites,0,1
59,ferrareze2015,2790,Multiple,AD,Predator,Predator,River,Observational,Observational,0,new,Fish,Fish,Fish,0,1,0,1,0,0,0,0,0,Brazilian Journal of Biology,General,2015,0.559,2015,Brazil,0,0,0,0,0,0,Central and South America,ferrareze,0,Other,0,0
60,fickbohm2006,4680,Physicochemical,Physicochemical,Primary-producer,Primary-producer,Lake,Observational,Observational,32,gallardo,OM,Physicochemical Only,Physicochemical Only,1,0,0,1,0,0,0,0,0,Applied Soil Ecology,General,2006,1.929,2006,USA,0,0,0,0,0,0,North America,fickbohm,1,Other,0,0
61,figueredo2005,4447,Multiple,AP,Omnivore,Omnivore,Lake,Manipulative,Manipulative,124,gallardo,Multiple,Phytoplankton,Phytoplankton,1,1,1,1,0,0,0,0,0,Freshwater Biology,Ecosystem,2005,2.797,2005,Brazil,0,0,0,0,0,0,Central and South America,figueredo,0,Other,0,0
62,findlay2003,3777,Multiple,AP,Primary-producer,Primary-producer,River,Observational,Observational,51,gallardo,Multiple,Macrophytes,Macrophytes,1,1,1,0,0,1,0,0,0,Wetlands Ecology and Management,Conservation,2003,1.43,2011,USA,0,0,1,0,0,0,North America,findlay,1,Phragmites,1,0
63,fischer2013,5018,Multiple,AP,Omnivore,Omnivore,Lake,Mesocosm,Mesocosm,51,gallardo,Multiple,"Benthic Invertebrates, Macrophytes, Phytoplankton, and Zooplankton",Multiple Critters,1,1,1,0,1,0,0,0,1,Hydrobiologia,General,2013,2.212,2013,USA,1,0,0,0,0,0,North America,fischer,1,Carp,1,1
64,foster2009,5336,Multiple,AP,Predator,Predator,Lake,Observational,Observational,36,gallardo,Multiple,Phytoplankton,Phytoplankton,1,1,1,1,0,0,0,0,0,Limnology and Oceanography,General,2009,3.545,2009,Canada,0,0,0,0,1,0,North America,foster,1,Bythotrephes,0,0
65,gagnonlupien2015,5015,Multiple,AD,Primary-producer,Primary-producer,Estuary,Observational,Observational,4,new,Other,Other,Other,0,1,0,1,1,0,0,0,0,Animal Conservation,Conservation,2015,2.788,2015,Canada,0,0,1,0,0,0,North America,gagnonlupien,1,Phragmites,1,0
66,ge2015,2021,Abundance,Abundance,Primary-producer,Primary-producer,Estuary,Observational,Observational,0,new,Benthic Invertebrates,Benthic Invertebrates,Benthic Invertebrates,0,1,0,1,0,0,0,0,0,Pakistan Journal of Zoology,General,2015,0.478,2015,China,0,0,0,1,0,0,Asia,ge,0,Spartina,0,0
67,green2013a,5609,Multiple,AD,Filter-collector,Filter-collector,Estuary,Manipulative,Manipulative,8,gallardo,Benthic Invertebrates,Benthic Invertebrates,Benthic Invertebrates,0,1,0,0,0,0,1,0,0,Marine Ecology Progress Series,Ecosystem,2013,2.64,2013,Ireland,0,0,0,0,0,0,Europe,green,1,Other,0,1
68,green2013b,4812,Physicochemical,Physicochemical,Filter-collector,Filter-collector,Estuary,Manipulative,Manipulative,8,gallardo,Multiple,Physicochemical Only,Physicochemical Only,1,0,0,0,0,0,1,0,0,Ecosystems,General,2013,3.531,2013,Ireland,0,0,0,0,0,0,Europe,green,1,Other,0,1
69,greenfield2007,5925,Physicochemical,Physicochemical,Primary-producer,Primary-producer,Lake,Manipulative,Manipulative,33,gallardo,Multiple,Physicochemical Only,Physicochemical Only,1,0,0,0,0,0,0,0,1,Estuaries and Coasts,Ecosystem,2007,1.124,2007,USA,0,0,0,0,0,0,North America,greenfield,1,Other,0,1
70,guillerault2015,2506,Abundance,Abundance,Predator,Predator,River,Observational,Observational,1,new,Fish,Fish,Fish,0,1,0,0,0,0,0,0,0,Freshwater Biology,Ecosystem,2015,2.933,2015,France,0,0,0,0,0,0,Europe,guillerault,0,Other,0,0
71,hager2004,6262,Multiple,AD,Primary-producer,Primary-producer,Lake,Observational,Observational,23,gallardo,Macrophytes,Macrophytes,Macrophytes,0,1,0,1,0,0,0,0,0,Canadian Journal of Botany,General,2007,0.985,2007,Canada,0,0,0,0,0,0,North America,hager,1,Other,0,0
72,hansen2013,6550,Multiple,AD,Omnivore,Omnivore,Lake,Observational,Observational,22,gallardo,Multiple,Benthic Invertebrates and Macrophytes,Multiple Critters,0,1,0,1,0,0,0,0,0,Canadian Journal of Fisheries and Aquatic Sciences,General,2013,2.276,2013,USA,0,0,0,0,0,0,North America,hansen,1,Other,0,0
73,hayden2013,5972,Abundance,Abundance,Predator,Predator,Lake,Observational,Observational,23,gallardo,Benthic Invertebrates,"Benthic Invertebrates, Fish, and Zooplankton",Multiple Critters,0,1,0,1,0,0,0,0,0,Freshwater Biology,Ecosystem,2013,2.62,2013,Finland,0,0,0,0,0,0,Europe,hayden,0,Other,0,0
74,haynes2005,4786,Abundance,Abundance,Filter-collector,Filter-collector,Lake,Observational,Observational,41,gallardo,Benthic Invertebrates,Benthic Invertebrates,Benthic Invertebrates,0,1,0,0,0,0,0,0,1,North American Benthological Society,Ecosystem,2005,1.85,2005,USA,0,1,0,0,0,0,North America,haynes,1,Zebra mussel,0,1
75,hedge2000,4224,Physicochemical,Physicochemical,Primary-producer,Primary-producer,Estuary,Observational,Observational,132,gallardo,OM,Physicochemical Only,Physicochemical Only,1,0,0,0,0,0,0,0,0,Austral Ecology,General,2000,0.44,2000,Australia,0,0,0,1,0,0,Australia and New Zealand,hedge,1,Spartina,0,0
76,herbst2009,6653,Multiple,ADP,Predator,Predator,River,Observational,Observational,23,gallardo,Multiple,"Benthic Invertebrates, Macrophytes, Phytoplankton, and Zooplankton",Multiple Critters,1,1,1,0,0,0,0,0,1,Freshwater Biology,Ecosystem,2009,3.13,2009,USA,0,0,0,0,0,0,North America,herbst,1,Other,0,1
77,herrmann2012,6863,Multiple,AD,Predator,Predator,River,Manipulative,Manipulative,9,gallardo,Multiple,"Benthic Invertebrates, Phytoplankton, and Zooplankton",Multiple Critters,0,1,0,0,0,0,0,0,0,Freshwater Biology,Ecosystem,2012,4.33,2012,New Zealand,0,0,0,0,0,0,Australia and New Zealand,herrmann,1,Other,0,0
78,hogsden2007,2458,Multiple,ADP,Primary-producer,Primary-producer,Lake,Observational,Observational,22,gallardo,Multiple,"Benthic Invertebrates, Macrophytes, and Phytoplankton",Multiple Critters,1,1,1,1,0,0,0,0,0,Journal of Great Lakes Research,Ecosystem,2007,0.786,2007,Canada,0,0,0,0,0,0,North America,hogsden,1,Other,0,0
79,holomuzki2010,4449,Abundance,Abundance,Primary-producer,Primary-producer,Lake,Observational,Observational,16,gallardo,Benthic Invertebrates,Benthic Invertebrates,Benthic Invertebrates,0,1,0,0,0,1,0,0,0,Wetlands Ecology and Management,Conservation,2010,1.26,2010,USA,0,0,1,0,0,0,North America,holomuzki,1,Phragmites,1,0
80,horvath1999,2328,Multiple,AD,Filter-collector,Filter-collector,Lake,Manipulative,Manipulative,46,gallardo,Benthic Invertebrates,Benthic Invertebrates,Benthic Invertebrates,0,1,0,0,0,1,1,0,0,American Midland Naturalist,General,1999,0.37,2000,USA,0,1,0,0,0,0,North America,horvath,1,Zebra mussel,1,1
81,hunter2006,5520,Abundance,Abundance,Primary-producer,Primary-producer,Estuary,Observational,Observational,43,gallardo,Fish,Fish,Fish,0,1,0,0,0,1,0,0,0,Estuaries and Coasts,Ecosystem,2006,0.67,2007,USA,0,0,1,0,0,0,North America,hunter,1,Phragmites,1,0
82,huser2016,4182,Physicochemical,Physicochemical,Omnivore,Omnivore,Lake,Manipulative,Manipulative,9,new,Nutrients-P,Physicochemical Only,Physicochemical Only,1,0,0,0,0,0,0,0,1,Hydrobiologia,General,2015,2.66,2015,Sweden,1,0,0,0,0,0,Europe,huser,0,Carp,0,1
83,idrisi2001,5694,Multiple,AP,Filter-collector,Filter-collector,Lake,Observational,Observational,151,gallardo,Multiple,"Fish, Phytoplankton, and Zooplankton",Multiple Critters,1,1,1,0,0,1,0,0,0,Canadian Journal of Fisheries and Aquatic Sciences,General,2001,2,2001,USA,0,1,0,0,0,0,North America,idrisi,1,Zebra mussel,1,0
84,ilarri2012,3221,Multiple,ADP,Filter-collector,Filter-collector,Estuary,Observational,Observational,24,gallardo,Multiple,Benthic Invertebrates,Benthic Invertebrates,1,1,1,1,0,0,0,0,0,Journal of Sea Research,Ecosystem,2012,2.44,2012,Portugal,0,0,0,0,0,0,Europe,ilarri,0,Other,0,0
85,ilarri2015,3828,Multiple,AD,Filter-collector,Filter-collector,River,Observational,Observational,3,new,Benthic Invertebrates,Benthic Invertebrates,Benthic Invertebrates,0,1,0,0,0,0,0,1,0,Marine and Freshwater Research,Ecosystem,2015,1.67,2015,Portugal,0,0,0,0,0,0,Europe,ilarri,0,Other,0,1
86,jackson2002,4458,Diversity,Diversity,Predator,Predator,Lake,Observational,Observational,122,gallardo,Fish,Fish,Fish,0,1,0,1,0,0,1,0,0,Transactions of the American Fisheries Society,General,2002,1.31,2002,Canada,0,0,0,0,0,0,North America,jackson_a,1,Other,0,1
87,jackson2016,3825,Multiple,AD,Omnivore,Omnivore,Lake,Manipulative,Manipulative,0,new,Benthic Invertebrates,Benthic Invertebrates,Benthic Invertebrates,0,1,0,0,0,0,0,0,0,Journal of Animal Ecology,General,2016,3.93,2015,UK,0,0,0,0,0,0,Europe,jackson_b,1,Other,0,0
88,jayawardana2006,4064,Multiple,AD,Primary-producer,Primary-producer,River,Observational,Observational,8,gallardo,Benthic Invertebrates,Benthic Invertebrates,Benthic Invertebrates,0,1,0,0,0,0,0,0,0,Hydrobiologia,General,2006,1.28,2006,Australia,0,0,1,0,0,0,Australia and New Zealand,jayawardana,1,Phragmites,0,0
89,johnson2009,4817,Abundance,Abundance,Multiple,Omnivore and Filter-collector,Lake,Mesocosm,Mesocosm,96,gallardo,Phytoplankton,Phytoplankton,Phytoplankton,0,1,0,1,0,0,0,0,0,Community Ecology,General,2009,0.98,2009,USA,0,0,0,0,0,0,North America,johnson,1,Other,0,0
90,kadye2012,5201,Multiple,AD,Predator,Predator,River,Manipulative,Manipulative,11,gallardo,Benthic Invertebrates,Benthic Invertebrates,Benthic Invertebrates,0,1,0,1,0,0,0,0,0,Biodiversity and Conservation,Conservation,2012,1.4,2012,South Africa,0,0,0,0,0,0,Africa,kadye,0,Other,0,0
91,kadye2013,4468,Abundance,Abundance,Predator,Predator,River,Multiple,Manipulative and Observational,5,gallardo,Benthic Invertebrates,Benthic Invertebrates and Fish,Multiple Critters,0,1,0,1,0,0,0,0,0,Hydrobiologia,General,2013,2.39,2013,South Africa,0,0,0,0,0,1,Africa,kadye,0,Trout,0,0
92,keller2007,3814,Physicochemical,Physicochemical,Predator,Predator,River,Mesocosm,Mesocosm,14,gallardo,Multiple,Physicochemical Only,Physicochemical Only,1,0,0,0,0,0,0,1,0,Ecology of Freshwater,Ecosystem,2007,1.39,2007,USA,0,0,0,0,0,0,North America,keller,1,Other,0,1
93,kelly2006,4149,Multiple,AD,Multiple,Predator and Omnivore,Lake,Observational,Observational,53,gallardo,Multiple,Benthic Invertebrates and Zooplankton,Multiple Critters,0,1,0,0,0,0,0,0,0,Diversity and Distributions,Invasions,2006,4.92,2006,Canada,0,0,0,0,1,0,North America,kelly,1,Bythotrephes,0,0
94,kercher2004,4005,Diversity,Diversity,Primary-producer,Primary-producer,Lake,Observational,Observational,40,gallardo,Macrophytes,Macrophytes,Macrophytes,0,1,0,0,0,0,1,0,0,Natural Areas Journal,Ecosystem,2004,0.55,2004,USA,0,0,0,0,0,0,North America,kercher,1,Other,0,1
95,kerfoot2016,8716,Abundance,Abundance,Predator,Predator,Lake,Observational,Observational,1,new,Zooplankton,Zooplankton,Zooplankton,0,1,0,1,0,1,0,0,1,Biological Invasions,Invasions,2016,3.67,2015,USA,0,0,0,0,1,0,North America,kerfoot,1,Bythotrephes,1,1
96,kipp2012,7593,Multiple,AD,Predator,Predator,River,Observational,Observational,16,gallardo,Benthic Invertebrates,Benthic Invertebrates,Benthic Invertebrates,0,1,0,1,0,0,0,0,0,Journal of Great Lakes Research,Ecosystem,2012,2.309,2012,Canada,0,0,0,0,0,0,North America,kipp,1,Other,0,0
97,klose2012,5061,Multiple,AD,Omnivore,Omnivore,River,Manipulative,Manipulative,21,gallardo,Multiple,Benthic Invertebrates and Phytoplankton,Multiple Critters,0,1,0,1,0,0,0,0,0,Freshwater Biology,Ecosystem,2012,3.933,2012,USA,0,0,0,0,0,0,North America,klose,1,Other,0,0
98,klose2013,6783,Multiple,AP,Omnivore,Omnivore,River,Manipulative,Manipulative,6,gallardo,Multiple,Benthic Invertebrates and Phytoplankton,Multiple Critters,1,1,1,1,0,0,0,0,0,Community Ecology,General,2013,1.2,2013,USA,0,0,0,0,0,0,North America,klose,1,Other,0,0
99,kloskowski2011,4866,Abundance,Abundance,Omnivore,Omnivore,Lake,Manipulative,Manipulative,33,gallardo,Macrophytes,Macrophytes,Macrophytes,0,1,0,1,0,0,0,0,0,Fundamental and Applied Limnology,Ecosystem,2011,1.145,2011,Poland,1,0,0,0,0,0,Europe,kloskowski,0,Carp,0,0
100,knapp2001,9832,Abundance,Abundance,Predator,Predator,Lake,Multiple,Manipulative and Observational,261,gallardo,Zooplankton,Zooplankton,Zooplankton,0,1,0,1,0,0,0,1,0,Ecological Monographs,General,2001,5.551,2001,USA,0,0,0,0,0,0,North America,knapp,1,Other,0,1
101,kolosovich2012,3091,Abundance,Abundance,Filter-collector,Filter-collector,Lake,Mesocosm,Mesocosm,5,gallardo,Phytoplankton,Phytoplankton,Phytoplankton,0,1,0,1,1,0,0,0,0,Aquatic Invasions,Invasions,2012,1.136,2012,USA,0,0,0,0,0,0,North America,kolosovich,1,Other,1,0
102,kornijow2010,2891,Abundance,Abundance,Primary-producer,Primary-producer,River,Observational,Observational,14,gallardo,Benthic Invertebrates,Benthic Invertebrates,Benthic Invertebrates,0,1,0,1,0,0,0,0,0,Fundamental and Applied Limnology,Ecosystem,2010,1.108,2010,USA,0,0,0,0,0,0,North America,kornijow,1,Other,0,0
103,kornis2013,4936,Multiple,AD,Predator,Predator,River,Observational,Observational,26,gallardo,Fish,Fish,Fish,0,1,0,0,0,1,0,0,0,Diversity and Distributions,Invasions,2013,5.469,2013,USA,0,0,0,0,0,0,North America,kornis,1,Other,1,0
104,krakowiak2008,4916,Multiple,ADP,Predator,Predator,River,Observational,Observational,43,gallardo,Multiple,Benthic Invertebrates and Fish,Multiple Critters,1,1,1,0,0,0,0,0,0,Journal of Great Lakes Research,Ecosystem,2008,1.393,2008,USA,0,0,0,0,0,0,North America,krakowiak,1,Other,0,0
105,kuhns1999,3195,Abundance,Abundance,Multiple,Predator and Filter-collector,Lake,Manipulative,Manipulative,126,gallardo,Multiple,Benthic Invertebrates and Phytoplankton,Multiple Critters,0,1,0,0,0,1,1,0,0,Journal of Great Lakes Research,Ecosystem,1999,0.53,1999,USA,0,1,0,0,0,0,North America,kuhns,1,Zebra mussel,1,1
106,ladrera2015,4336,Multiple,AD,Primary-producer,Primary-producer,River,Observational,Observational,5,new,Benthic Invertebrates,Benthic Invertebrates,Benthic Invertebrates,0,1,0,0,0,0,0,0,0,River Research and Applications,Conservation,2015,1.98,2015,Spain,0,0,0,0,0,0,Europe,ladrera,0,Other,0,0
107,lancelotti2016,2769,Abundance,Abundance,Predator,Predator,Lake,Observational,Observational,1,new,Zooplankton,Zooplankton,Zooplankton,0,1,0,1,0,0,0,0,1,Aquatic Conservation: Marine and Freshwater Ecosystems,Conservation,2016,2.415,2015,Argentina,0,0,0,0,0,1,Central and South America,lancelotti,0,Trout,0,1
108,larochelle2015,5976,Abundance,Abundance,Primary-producer,Primary-producer,River,Observational,Observational,2,new,Fish,Fish,Fish,0,1,0,1,1,0,1,0,1,Transactions of the American Fisheries Society,General,2015,1.469,2015,Canada,0,0,1,0,0,0,North America,larochelle,1,Phragmites,1,1
109,latini2004,3491,Diversity,Diversity,Predator,Predator,Lake,Observational,Observational,162,gallardo,Fish,Fish,Fish,0,1,0,1,1,0,0,0,1,Fisheries Management and Ecology,Conservation,2004,0.471,2004,Brazil,0,0,0,0,0,0,Central and South America,latini,0,Other,1,1
110,leal-florez2008,3789,Diversity,Diversity,Omnivore,Omnivore,Estuary,Observational,Observational,11,gallardo,Fish,Fish,Fish,0,1,0,0,0,1,0,0,0,Bulletin of Marine Science,General,2008,0.929,2008,Germany,0,0,0,0,0,0,Europe,leal-florez,0,Other,1,0
111,lejart2011,5378,Multiple,AD,Filter-collector,Filter-collector,Estuary,Observational,Observational,27,gallardo,Benthic Invertebrates,Benthic Invertebrates,Benthic Invertebrates,0,1,0,0,0,0,1,0,0,Journal of Sea Research,Ecosystem,2011,2.598,2011,France,0,0,0,0,0,0,Europe,lejart,0,Other,0,1
113,leyse2004,4326,Abundance,Abundance,Omnivore,Omnivore,Lake,Mesocosm,Mesocosm,59,gallardo,Multiple,Benthic Invertebrates and Zooplankton,Multiple Critters,0,1,0,0,0,0,1,0,1,Biological Conservation,Conservation,2004,2.166,2004,USA,0,0,0,0,0,0,North America,leyse,1,Other,0,1
114,liang2016,3604,Abundance,Abundance,Primary-producer,Primary-producer,Estuary,Observational,Observational,1,new,Other,Other,Other,0,1,0,1,0,0,0,0,0,Aquatic Botany,Ecosystem,2016,1.846,2015,China,0,0,0,1,0,0,Asia,liang,0,Spartina,0,0
115,lishawa2014,4963,Multiple,AP,Primary-producer,Primary-producer,Lake,Mesocosm,Mesocosm,7,new,Multiple,Macrophytes,Macrophytes,1,1,1,1,0,0,0,0,0,Aquatic Sciences,General,2014,2.706,2014,USA,0,0,0,0,0,0,North America,lishawa,1,Other,0,0
116,lishawa2015,4385,Diversity,Diversity,Primary-producer,Primary-producer,Lake,Manipulative,Manipulative,6,new,Macrophytes,Macrophytes,Macrophytes,0,1,0,0,0,0,1,0,1,Restoration Ecology,Conservation,2015,1.891,2015,USA,0,0,0,0,0,0,North America,lishawa,1,Other,0,1
117,lodge1994,8952,Abundance,Abundance,Omnivore,Omnivore,Lake,Manipulative,Manipulative,397,gallardo,Multiple,"Benthic Invertebrates, Macrophytes, and Phytoplankton",Multiple Critters,0,1,0,1,0,0,0,0,0,Ecology,General,1994,3.139,1999,USA,0,0,0,0,0,0,North America,lodge,1,Other,0,0
118,long2015,5097,Abundance,Abundance,Filter-collector,Filter-collector,Estuary,Observational,Observational,0,new,Benthic Invertebrates,Benthic Invertebrates,Benthic Invertebrates,0,1,0,0,0,1,0,0,1,Journal of Experimental Marine Biology and Ecology,Ecosystem,2015,1.796,2015,USA,0,0,0,0,0,0,North America,long,1,Other,1,1
120,maceda2016,5187,Diversity,Diversity,Primary-producer,Primary-producer,River,Observational,Observational,3,new,Multiple,Benthic Invertebrates and Macrophytes,Multiple Critters,0,1,0,1,0,0,0,0,0,Biological Invasions,Invasions,2016,2.855,2015,Spain,0,0,0,0,0,0,Europe,maceda,0,Other,0,0
121,maclennan2015,4309,Abundance,Abundance,Predator,Predator,Lake,Mesocosm,Mesocosm,4,new,Multiple,Phytoplankton and Zooplankton,Multiple Critters,0,1,0,1,0,0,0,0,0,Freshwater Biology,Ecosystem,2015,2.933,2015,Canada,0,0,0,0,0,1,North America,maclennan,1,Trout,0,0
122,maezono2004,1845,Multiple,AD,Predator,Predator,Lake,Observational,Observational,41,gallardo,Fish,Fish,Fish,0,1,0,0,1,0,0,0,0,Ecological Research,General,2004,1.937,2004,Japan,0,0,0,0,0,0,Asia,maezono,0,Other,1,0
123,mantovani2006,2550,Multiple,AD,Filter-collector,Filter-collector,Estuary,Manipulative,Manipulative,6,gallardo,Benthic Invertebrates,Benthic Invertebrates,Benthic Invertebrates,0,1,0,0,1,0,0,1,0,ICES Journal of Marine Science,General,2006,1.469,2006,Italy,0,0,0,0,0,0,Europe,matovani,0,Other,1,1
124,marks2010,5137,Abundance,Abundance,Predator,Predator,River,Multiple,Manipulative and Observational,34,gallardo,Fish,Fish,Fish,0,1,0,1,1,0,0,0,1,Restoration Ecology,Conservation,2009,1.502,2009,USA,0,0,0,0,0,0,North America,marks,1,Other,1,1
125,mathers2016,5740,Abundance,Abundance,Omnivore,Omnivore,River,Observational,Observational,1,new,Benthic Invertebrates,Benthic Invertebrates,Benthic Invertebrates,0,1,0,0,0,0,1,0,0,Science of the Total Environment,General,2016,3.976,2015,UK,0,0,0,0,0,0,Europe,mathers,1,Other,0,1
126,matsuzaki2009,5627,Multiple,AP,Omnivore,Omnivore,Lake,Manipulative,Manipulative,139,gallardo,Multiple,Phytoplankton and Zooplankton,Multiple Critters,1,1,1,1,0,0,0,0,0,Oecologia,General,2008,2.833,2008,Japan,1,0,0,0,0,0,Asia,matsuzaki,0,Carp,0,0
127,mazerolle2014,5632,Abundance,Abundance,Primary-producer,Primary-producer,Lake,Observational,Observational,8,new,Other,Other,Other,0,1,0,1,1,0,0,0,1,Wetlands Ecology and Management,Conservation,2014,1.274,2014,Canada,0,0,1,0,0,0,North America,mazerolle,1,Phragmites,1,1
128,mckinnon2009,4638,Multiple,ADP,Primary-producer,Primary-producer,Estuary,Observational,Observational,44,gallardo,Multiple,Benthic Invertebrates,Benthic Invertebrates,1,1,1,0,0,0,0,0,0,Marine Ecology Progress Series,Ecosystem,2009,2.088,2009,Australia,0,0,0,0,0,0,Australia and New Zealand,mckinnon,1,Other,0,0
129,mcshane2007,7242,Abundance,Abundance,Predator,Predator,River,Manipulative,Manipulative,1,gallardo,Benthic Invertebrates,Benthic Invertebrates,Benthic Invertebrates,0,1,0,0,0,0,0,0,1,Thesis,General,2007,0,2007,USA,0,0,0,0,0,0,North America,mcshane,1,Other,0,1
130,menezes2011,3069,Multiple,ADP,Predator,Predator,Lake,Observational,Observational,14,gallardo,Multiple,"Fish, Phytoplankton, and Zooplankton",Multiple Critters,1,1,1,1,0,0,1,0,1,Biological Invasions,Invasions,2012,2.222,2012,China,0,0,0,0,0,0,Asia,menezes,0,Other,0,1
132,michelan2010,3951,Diversity,Diversity,Primary-producer,Primary-producer,Lake,Observational,Observational,44,gallardo,Macrophytes,Macrophytes,Macrophytes,0,1,0,1,0,0,0,0,0,Freshwater Biology,Ecosystem,2010,2.717,2010,Brazil,0,0,0,0,0,0,Central and South America,michelan,0,Other,0,0
133,mines2013,5657,Abundance,Abundance,Predator,Predator,Lake,Observational,Observational,3,gallardo,Zooplankton,Zooplankton,Zooplankton,0,1,0,1,0,0,0,1,0,Limnology and Oceanography,General,2013,1.425,2013,Australia,0,0,0,0,1,0,Australia and New Zealand,mines,1,Bythotrephes,0,1
134,miranda2014,3098,Diversity,Diversity,Omnivore,Omnivore,Lake,Observational,Observational,5,new,Benthic Invertebrates,Benthic Invertebrates,Benthic Invertebrates,0,1,0,1,0,1,0,0,0,African Invertebrates,General,2014,0.464,2014,South Africa,0,0,0,0,0,0,Africa,miranda,0,Other,1,0
135,mitchell2011,2519,Multiple,DP,Primary-producer,Primary-producer,Lake,Observational,Observational,29,gallardo,Multiple,Macrophytes,Macrophytes,1,1,1,0,0,1,0,0,0,Wetlands,Ecosystem,2011,1.07,2011,USA,0,0,0,0,0,0,North America,mitchell,1,Other,1,0
136,mortl2003,2885,Multiple,AP,Filter-collector,Filter-collector,Lake,Manipulative,Manipulative,65,gallardo,Multiple,Benthic Invertebrates,Benthic Invertebrates,1,1,1,1,0,0,0,0,0,International Review of Hydrobiology ,Ecosystem,2003,0.741,2003,Germany,0,1,0,0,0,0,Europe,mortl,0,Zebra mussel,0,0
138,neira2005,5075,Multiple,ADP,Primary-producer,Primary-producer,Estuary,Observational,Observational,117,gallardo,Multiple,Benthic Invertebrates and Phytoplankton,Multiple Critters,1,1,1,1,0,0,0,0,0,Marine Ecology Progress Series,Ecosystem,2005,1.874,2005,USA,0,0,0,1,0,0,North America,neira,1,Spartina,0,0
139,neira2006,6589,Multiple,ADP,Primary-producer,Primary-producer,Estuary,Observational,Observational,114,gallardo,Multiple,Benthic Invertebrates and Phytoplankton,Multiple Critters,1,1,1,1,0,0,0,0,0,Ecological Applications,Conservation,2006,3.256,2006,USA,0,0,0,1,0,0,North America,neira,1,Spartina,0,0
140,nystrom1999,4336,Abundance,Abundance,Multiple,Predator and Omnivore,Lake,Manipulative,Manipulative,134,gallardo,Multiple,"Benthic Invertebrates, Macrophytes, and Phytoplankton",Multiple Critters,0,1,0,0,0,0,1,0,0,OIKOS,General,1999,2.109,1999,Sweden,0,0,0,0,0,1,Europe,nystrom,0,Trout,0,1
141,osland2011,6491,Diversity,Diversity,Primary-producer,Primary-producer,Estuary,Manipulative,Manipulative,17,gallardo,Macrophytes,Macrophytes,Macrophytes,0,1,0,1,0,0,0,0,1,Ecological Applications,Conservation,2011,4.83,2011,USA,0,0,0,0,0,0,North America,osland,1,Other,0,1
142,ozersky2011,3691,Multiple,AP,Filter-collector,Filter-collector,Lake,Multiple,Observational and Mesocosm,19,gallardo,Multiple,Benthic Invertebrates and Phytoplankton,Multiple Critters,1,1,1,0,0,0,1,0,1,North American Benthological Society,Ecosystem,2011,2.8,2011,Canada,0,1,0,0,0,0,North America,ozersky,1,Zebra mussel,0,1
144,pelicice2008,4226,Multiple,AD,Predator,Predator,Lake,Observational,Observational,92,gallardo,Fish,Fish,Fish,0,1,0,1,0,0,0,0,0,Biological Invasions,Invasions,2008,2.46,2008,Brazil,0,0,0,0,0,0,Central and South America,pelicice,0,Other,0,0
145,penk2015,4273,Multiple,AD,Predator,Predator,Lake,Mesocosm,Mesocosm,3,new,Multiple,"Benthic Invertebrates, Macrophytes, Phytoplankton, and Zooplankton",Multiple Critters,0,1,0,1,0,0,0,0,0,Journal of Animal Ecology,General,2015,4.827,2015,Ireland,0,0,0,0,0,0,Europe,penk,1,Other,0,0
146,peters2013,6231,Multiple,ADP,Omnivore,Omnivore,Lake,Observational,Observational,12,gallardo,Multiple,Macrophytes,Macrophytes,1,1,1,1,0,0,0,0,1,Biological Invasions,Invasions,2013,2.448,2013,USA,0,0,0,0,0,0,North America,peters,1,Other,0,1
147,pothoven2012,4186,Multiple,AP,Predator,Predator,Lake,Multiple,Manipulative and Observational,16,gallardo,Multiple,Phytoplankton and Zooplankton,Multiple Critters,1,1,1,0,0,1,0,0,0,Aquatic Ecology,General,2012,1.378,2012,USA,0,0,0,0,0,0,North America,pothoven,1,Other,1,0
148,preston2012,3519,Multiple,AP,Omnivore,Omnivore,Lake,Mesocosm,Mesocosm,34,gallardo,Multiple,Phytoplankton and Zooplankton,Multiple Critters,1,1,1,1,0,0,0,0,0,Ecology,General,2012,5.175,2012,USA,0,0,0,0,0,0,North America,preston,1,Other,0,0
149,reed2004,2486,Multiple,AD,Filter-collector,Filter-collector,Lake,Observational,Observational,15,gallardo,Benthic Invertebrates,Benthic Invertebrates,Benthic Invertebrates,0,1,0,0,0,1,0,0,0,Journal of Great Lakes Research,Ecosystem,2004,0.645,2004,USA,0,1,0,0,0,0,North America,reed,1,Zebra mussel,1,0
150,reissig2006,3551,Multiple,AD,Predator,Predator,Lake,Observational,Observational,63,gallardo,Multiple,Phytoplankton and Zooplankton,Multiple Critters,0,1,0,1,0,0,0,0,0,Biological Conservation,Conservation,2006,2.854,2006,Argentina,0,0,0,0,0,0,Central and South America,reissig,0,Other,0,0
151,ricciardi1997,5301,Abundance,Abundance,Filter-collector,Filter-collector,Lake,Multiple,Manipulative and Observational,263,gallardo,Benthic Invertebrates,Benthic Invertebrates,Benthic Invertebrates,0,1,0,1,0,0,0,0,0,Canadian Journal of Fisheries and Aquatic Sciences,Conservation,1997,1.324,1997,Canada,0,1,0,0,0,0,North America,ricciardi,1,Zebra mussel,0,0
152,richburg2001,3597,Diversity,Diversity,Primary-producer,Primary-producer,Lake,Observational,Observational,69,gallardo,Macrophytes,Macrophytes,Macrophytes,0,1,0,0,1,0,0,0,1,Wetlands,Ecosystem,2001,1.137,2001,USA,0,0,1,0,0,0,North America,richburg,1,Phragmites,1,1
153,ruginis2014,6487,Physicochemical,Physicochemical,Filter-collector,Filter-collector,Estuary,Observational,Observational,2,new,Multiple,Physicochemical Only,Physicochemical Only,1,0,0,1,0,0,0,0,0,Aquatic Sciences,General,2014,2.706,2014,Lithuania,0,1,0,0,0,0,Europe,ruginis,0,Zebra mussel,0,0
154,ruokonen2012,4922,Abundance,Abundance,Omnivore,Omnivore,River,Observational,Observational,10,gallardo,Fish,Fish,Fish,0,1,0,0,1,0,0,0,0,Biological Invasions,Invasions,2012,2.509,2012,Finland,0,0,0,0,0,0,Europe,ruokonen,0,Other,1,0
155,ruokonen2014,5447,Multiple,AD,Omnivore,Omnivore,Lake,Observational,Observational,12,new,Benthic Invertebrates,Benthic Invertebrates,Benthic Invertebrates,0,1,0,0,1,0,0,0,0,Freshwater Biology,Ecosystem,2014,2.738,2014,Finland,0,0,0,0,0,0,Europe,ruokonen,0,Other,1,0
156,scharfy2009,5871,Multiple,AD,Primary-producer,Primary-producer,Lake,Observational,Observational,35,gallardo,Macrophytes,Macrophytes,Macrophytes,0,1,0,1,0,0,0,0,0,Journal of Vegetation Science,General,2009,2.376,2009,Switzerland,0,0,0,0,0,0,Europe,scharfy,0,Other,0,0
157,schilling2009,4714,Multiple,AD,Predator,Predator,Lake,Observational,Observational,29,gallardo,Benthic Invertebrates,Benthic Invertebrates,Benthic Invertebrates,0,1,0,1,1,0,0,0,1,Biological Conservation,Conservation,2009,3.167,2009,USA,0,0,0,0,0,0,North America,schilling,1,Other,1,1
158,schooler2006,6444,Diversity,Diversity,Primary-producer,Primary-producer,Lake,Observational,Observational,65,gallardo,Macrophytes,Macrophytes,Macrophytes,0,1,0,0,0,0,0,1,1,Diversity and Distributions,Invasions,2006,3.441,2006,USA,0,0,0,0,0,0,North America,schooler,1,Other,0,1
159,scott2012,7378,Multiple,AP,Omnivore,Omnivore,River,Manipulative,Manipulative,7,gallardo,Multiple,Phytoplankton,Phytoplankton,1,1,1,1,1,0,0,0,0,Aquatic Sciences,General,2012,2.602,2012,USA,0,0,0,0,0,0,North America,scott,1,Other,1,0
160,shelton2014,1980,Abundance,Abundance,Predator,Predator,River,Observational,Observational,1,new,Fish,Fish,Fish,0,1,0,0,0,0,0,0,0,African Zoology,General,2014,0.612,2014,South Africa,0,0,0,0,0,0,Africa,shelton,0,Other,0,0
161,shelton2015,6489,Multiple,AP,Predator,Predator,River,Observational,Observational,12,new,Multiple,Fish,Fish,1,1,1,0,0,0,0,1,0,Biological Invasions,Invasions,2015,2.855,2015,South Africa,0,0,0,0,0,1,Africa,shelton,0,Trout,0,1
162,shelton2015b,5999,Abundance,Abundance,Predator,Predator,River,Observational,Observational,2,new,Multiple,Benthic Invertebrates and Phytoplankton,Multiple Critters,1,1,1,0,0,0,0,1,0,Hydrobiologia,General,2015,2.051,2015,South Africa,0,0,0,0,0,1,Africa,shelton,0,Trout,0,1
163,shelton2016,5521,Abundance,Abundance,Predator,Predator,River,Manipulative,Manipulative,1,new,Multiple,Benthic Invertebrates and Phytoplankton,Multiple Critters,1,1,1,0,0,0,0,1,0,Austral Ecology,General,2016,1.598,2015,South Africa,0,0,0,0,0,1,Africa,shelton,0,Trout,0,1
164,shulse2013,4360,Multiple,AD,Omnivore,Omnivore,Lake,Manipulative,Manipulative,14,gallardo,Benthic Invertebrates,Benthic Invertebrates,Benthic Invertebrates,0,1,0,0,0,0,1,0,1,Journal of Applied Ecology,Conservation,2013,4.754,2013,USA,0,0,0,0,0,0,North America,shulse,1,Other,0,1
166,song2015,3050,Multiple,DP,Primary-producer,Primary-producer,Lake,Observational,Observational,3,new,Multiple,Other,Other,1,1,1,1,0,0,0,0,0,Plant and Soil,General,2015,2.969,2015,Korea,0,0,1,0,0,0,Asia,song,0,Phragmites,0,0
167,stewart1994,3970,Diversity,Diversity,Predator,Predator,Lake,Observational,Observational,207,gallardo,Zooplankton,Zooplankton,Zooplankton,0,1,0,1,1,0,0,0,0,Journal of Great Lakes Research,Ecosystem,2010,1.305,2010,USA,0,0,0,0,0,0,North America,stewart_b,1,Other,1,0
168,stewart2010,6662,Multiple,AD,Multiple,Predator and Filter-collector,Lake,Observational,Observational,23,gallardo,Multiple,Benthic Invertebrates and Macrophytes,Multiple Critters,0,1,0,1,1,0,0,0,0,Journal of Great Lakes Research,Ecosystem,1994,0.694,1997,USA,0,1,0,0,0,0,North America,stewart_a,1,Zebra mussel,1,0
169,stiers2011,3774,Diversity,Diversity,Primary-producer,Primary-producer,Lake,Observational,Observational,54,gallardo,Macrophytes,Macrophytes,Macrophytes,0,1,0,0,0,0,0,1,0,Biological Invasions,Invasions,2011,2.896,2011,Belgium,0,0,0,0,0,0,Europe,stiers,0,Other,0,1
170,strayer2003,3586,Abundance,Abundance,Primary-producer,Primary-producer,River,Observational,Observational,90,gallardo,Benthic Invertebrates,Benthic Invertebrates,Benthic Invertebrates,0,1,0,0,0,0,0,0,1,Canadian Journal of Fisheries and Aquatic Sciences,General,2003,2.432,2003,USA,0,0,0,0,0,0,North America,strayer,1,Other,0,1
171,strayer2004,6601,Abundance,Abundance,Filter-collector,Filter-collector,Lake,Observational,Observational,134,gallardo,Fish,Fish,Fish,0,1,0,0,0,0,0,0,1,Canadian Journal of Fisheries and Aquatic Sciences,General,2004,1.801,2004,USA,0,1,0,0,0,0,North America,strayer,1,Zebra mussel,0,1
172,strecker2006,5444,Multiple,ADP,Predator,Predator,Lake,Observational,Observational,65,gallardo,Multiple,Phytoplankton and Zooplankton,Multiple Critters,1,1,1,0,1,1,1,0,0,Canadian Journal of Fisheries and Aquatic Sciences,General,2006,1.646,2006,Canada,0,0,0,0,1,0,North America,strecker,1,Bythotrephes,1,1
173,strecker2008,4935,Abundance,Abundance,Predator,Predator,Lake,Observational,Observational,63,gallardo,Multiple,Phytoplankton and Zooplankton,Multiple Critters,0,1,0,0,0,0,0,0,1,Freshwater Biology,Ecosystem,2008,2.704,2008,USA,0,0,0,0,1,0,North America,strecker,1,Bythotrephes,0,1
174,strecker2011,5738,Multiple,AP,Predator,Predator,Lake,Observational,Observational,17,gallardo,Multiple,Zooplankton,Zooplankton,1,1,1,1,1,1,0,0,0,Limnology and Oceanography,General,2011,1.478,2011,Canada,0,0,0,0,1,0,North America,strecker,1,Bythotrephes,1,0
175,sylvester2007,4383,Abundance,Abundance,Filter-collector,Filter-collector,Estuary,Manipulative,Manipulative,29,gallardo,Benthic Invertebrates,Benthic Invertebrates,Benthic Invertebrates,0,1,0,1,0,0,0,0,0,Hydrobiologia,General,2007,1.201,2007,Argentina,0,0,0,0,0,0,Central and South America,sylvester,0,Other,0,0
176,taylor2010,4254,Multiple,AD,Primary-producer,Primary-producer,Estuary,Manipulative,Manipulative,19,gallardo,Benthic Invertebrates,Benthic Invertebrates,Benthic Invertebrates,0,1,0,1,0,0,0,0,0,Marine Ecology Progress Series,Ecosystem,2010,2.483,2010,Australia,0,0,0,0,0,0,Australia and New Zealand,taylor,1,Other,0,0
177,thyrring2013,1978,Diversity,Diversity,Filter-collector,Filter-collector,Estuary,Observational,Observational,5,gallardo,Benthic Invertebrates,Benthic Invertebrates,Benthic Invertebrates,0,1,0,1,0,1,0,0,0,Helgoland Marine Research,Ecosystem,2013,1.408,2013,Australia,0,0,0,0,0,0,Australia and New Zealand,thyrring,1,Other,1,0
178,tonkin2014,4886,Abundance,Abundance,Predator,Predator,Lake,Manipulative,Manipulative,1,new,Fish,Fish,Fish,0,1,0,0,1,0,0,0,0,Austral Ecology,General,2014,1.837,2014,Germany,0,0,0,0,0,0,Europe,tonkin,0,Other,1,0
179,trebitz2007,6122,Diversity,Diversity,Primary-producer,Primary-producer,Lake,Observational,Observational,45,gallardo,Macrophytes,Macrophytes,Macrophytes,0,1,0,0,0,0,1,0,0,Journal of Great Lakes Research,Ecosystem,2007,1.18,2007,USA,0,0,1,0,0,0,North America,trebitz,1,Phragmites,0,1
181,tsunoda2010,3099,Diversity,Diversity,Predator,Predator,Lake,Multiple,Manipulative and Observational,10,gallardo,Fish,Fish,Fish,0,1,0,1,0,0,0,0,1,Aquatic Conservation: Marine and Freshwater Ecosystems,Conservation,2010,1.968,2010,Japan,0,0,0,0,0,0,Asia,tsunoda,0,Other,0,1
182,vanbocxlaer2015,2824,Abundance,Abundance,Omnivore,Omnivore,Lake,Observational,Observational,4,new,Other,Other,Other,0,1,0,1,0,0,0,0,0,Hydrobiologia,General,2015,2.051,2015,Germany,0,0,0,0,0,0,Europe,vanbocxlaer,0,Other,0,0
183,vazquez-luis2008,3649,Multiple,AD,Primary-producer,Primary-producer,Estuary,Observational,Observational,53,gallardo,Benthic Invertebrates,Benthic Invertebrates,Benthic Invertebrates,0,1,0,0,0,0,0,0,0,Marine Environmental Research,General,2008,2.032,2008,Spain,0,0,0,0,0,0,Europe,vazquez-luis,0,Other,0,0
184,vazquez-luis2009,4291,Multiple,AD,Primary-producer,Primary-producer,Estuary,Observational,Observational,37,gallardo,Benthic Invertebrates,Benthic Invertebrates,Benthic Invertebrates,0,1,0,0,0,0,0,0,0,"Estuarine, Coastal and Shelf Science",Ecosystem,2009,1.97,2009,Spain,0,0,0,0,0,0,Europe,vazquez-luis,0,Other,0,0
185,volta2013,5015,Physicochemical,Physicochemical,Predator,Predator,Lake,Observational,Observational,7,gallardo,Multiple,Physicochemical Only,Physicochemical Only,1,0,0,1,0,1,1,0,1,Biological Invasions,Invasions,2013,2.716,2013,UK,0,0,0,0,0,0,Europe,volta,1,Other,1,1
186,waajen2016,6316,Abundance,Abundance,Filter-collector,Filter-collector,Lake,Mesocosm,Mesocosm,2,new,Multiple,Phytoplankton,Phytoplankton,1,1,1,0,0,0,0,0,1,Ecological Engineering,General,2016,2.74,2015,Netherlands,0,1,0,0,0,0,Europe,waajen,0,Zebra mussel,0,1
187,wang2015,4308,Physicochemical,Physicochemical,Primary-producer,Primary-producer,Lake,Observational,Observational,6,new,Multiple,Physicochemical Only,Physicochemical Only,1,0,0,1,0,0,0,0,0,Plant Science,General,2015,1.49,2015,China,0,0,1,0,0,0,Asia,wang,0,Phragmites,0,0
188,wang2016a,5948,Physicochemical,Physicochemical,Primary-producer,Primary-producer,Lake,Observational,Observational,0,new,Nutrients-P,Physicochemical Only,Physicochemical Only,1,0,0,1,0,0,0,0,0,Wetlands,Ecosystem,2016,1.504,2015,China,0,0,1,0,0,0,Asia,wang,0,Phragmites,0,0
189,webb2016,4126,Abundance,Abundance,Primary-producer,Primary-producer,Lake,Manipulative,Manipulative,0,new,Benthic Invertebrates,Benthic Invertebrates,Benthic Invertebrates,0,1,0,0,0,0,0,0,1,Journal of Aquatic Plant Management,Conservation,2016,0.257,2015,USA,0,0,0,0,0,0,North America,webb,1,Other,0,1
190,wernberg2004,3417,Abundance,Abundance,Primary-producer,Primary-producer,Estuary,Observational,Observational,55,gallardo,Benthic Invertebrates,Benthic Invertebrates,Benthic Invertebrates,0,1,0,0,0,0,0,0,0,Helgoland Marine Research,Ecosystem,2004,0.861,2004,Denmark,0,0,0,0,0,0,Europe,wernberg,0,Other,0,0
191,wilson2009,4536,Multiple,AD,Primary-producer,Primary-producer,Lake,Observational,Observational,19,gallardo,Benthic Invertebrates,Benthic Invertebrates,Benthic Invertebrates,0,1,0,1,0,0,0,0,0,Canadian Journal of Fisheries and Aquatic Sciences,General,2009,1.951,2009,Canada,0,0,0,0,0,0,North America,wilson,1,Other,0,0
192,winandy2015,4745,Abundance,Abundance,Predator,Predator,Lake,Manipulative,Manipulative,7,new,Other,Other,Other,0,1,0,1,0,0,0,0,0,Animal Behaviour,General,2016,3.169,2015,Belgium,0,0,0,0,0,0,Europe,winandy,0,Other,0,0
193,windham1999,4269,Abundance,Abundance,Primary-producer,Primary-producer,Estuary,Observational,Observational,207,gallardo,Macrophytes,Macrophytes,Macrophytes,0,1,0,0,0,1,0,0,0,Estuaries,Ecosystem,1999,1.331,1999,USA,0,0,1,0,0,0,North America,windham,1,Phragmites,1,0
194,winton2002,3245,Abundance,Abundance,Predator,Predator,Lake,Manipulative,Manipulative,17,gallardo,Macrophytes,Macrophytes and Phytoplankton,Multiple Critters,0,1,0,1,0,0,0,0,0,New Zealand Journal of Marine and Freshwater Research,Ecosystem,2002,0.628,2002,New Zealand,0,0,0,0,0,0,Australia and New Zealand,winton,1,Other,0,0
195,wittmann2012,3597,Multiple,AD,Filter-collector,Filter-collector,Lake,Manipulative,Manipulative,8,gallardo,Benthic Invertebrates,Benthic Invertebrates,Benthic Invertebrates,0,1,0,0,0,0,0,0,1,Aquatic Conservation: Marine and Freshwater Ecosystems,Conservation,2012,1.917,2012,USA,0,0,0,0,0,0,North America,wittmann,1,Other,0,1
196,yang2016,4449,Physicochemical,Physicochemical,Primary-producer,Primary-producer,Lake,Observational,Observational,3,new,Multiple,Physicochemical Only,Physicochemical Only,1,0,0,1,0,0,0,0,0,Ecological Engineering,General,2016,2.74,2015,China,0,0,0,1,0,0,Asia,yang,0,Spartina,0,0
197,yozzo2012,3434,Diversity,Diversity,Primary-producer,Primary-producer,River,Observational,Observational,7,gallardo,Benthic Invertebrates,Benthic Invertebrates,Benthic Invertebrates,0,1,0,0,0,0,0,0,1,Esuaries and Coasts,Ecosystem,2012,2.56,2012,USA,0,0,1,0,0,0,North America,yozzo,1,Phragmites,0,1
198,yuan2016,5632,Multiple,AD,Primary-producer,Primary-producer,Lake,Observational,Observational,0,new,Other,Other,Other,0,1,0,1,0,0,0,0,0,Scientific reports,General,2016,5.228,2015,China,0,0,0,1,0,0,Asia,yuan,0,Spartina,0,0
199,zambrano1999,3745,Multiple,ADP,Omnivore,Omnivore,Lake,Observational,Observational,75,gallardo,Multiple,"Benthic Invertebrates, Fish, Macrophytes, Phytoplankton, and Zooplankton",Multiple Critters,1,1,1,1,0,0,0,0,0,Journal of Aquatic Ecosystem Stress and Recovery,Conservation,1999,0.44,2001,Mexico,1,0,0,0,0,0,Central and South America,zambrano,0,Carp,0,0
200,zhu2006,4594,Multiple,AP,Filter-collector,Filter-collector,Lake,Observational,Observational,148,gallardo,Multiple,Macrophytes,Macrophytes,1,1,1,0,0,1,0,0,0,Ecosystems,General,2006,2.955,2006,USA,0,1,0,0,0,0,North America,zhu,1,Zebra mussel,1,0
201,zhu2007,3228,Abundance,Abundance,Filter-collector,Filter-collector,Lake,Observational,Observational,9,gallardo,Macrophytes,Macrophytes,Macrophytes,0,1,0,0,0,1,0,0,0,Journal of Aquatic Plant Management,Conservation,2007,0.659,2007,USA,0,1,0,0,0,0,North America,zhu,1,Zebra mussel,1,0
202,zhu2015,3922,Diversity,Diversity,Primary-producer,Primary-producer,Lake,Manipulative,Manipulative,0,new,Benthic Invertebrates,Benthic Invertebrates,Benthic Invertebrates,0,1,0,0,0,0,0,0,1,Freshwater Science,Ecosystem,2015,2.443,2015,USA,0,0,0,0,0,0,North America,zhu,1,Other,0,1
